[{"id":"4646318b.e2e72","type":"tab","label":"Login/Logout Flows","disabled":false,"info":""},{"id":"cc4428e9.fa5f68","type":"comment","z":"4646318b.e2e72","name":"Sign-In Form","info":"","x":109,"y":31,"wires":[]},{"id":"c13e3d45.9649b","type":"function","z":"4646318b.e2e72","name":"Account Verification","func":"var accounts =  flow.get(\"accounts\"); \n\nvar username = msg.payload.username ;\nvar password = msg.payload.password ; \n\nmsg.payload = 1;\n\naccounts.forEach(function ( account ){\n    if ( account.username == username ) {\n       msg.payload = 2;\n       if ( account.password == password ) {\n           msg.payload = 0;\n       } \n    }\n});\n// keep the original socketid from msg.socketid;\nreturn msg;","outputs":1,"noerr":0,"x":730.0000228881836,"y":39,"wires":[["6bbb8ece.17804"]]},{"id":"6bbb8ece.17804","type":"switch","z":"4646318b.e2e72","name":"","property":"payload","propertyType":"msg","rules":[{"t":"eq","v":"0","vt":"str"},{"t":"eq","v":"1","vt":"str"},{"t":"eq","v":"2","vt":"str"}],"checkall":"true","repair":false,"outputs":3,"x":976.0000190734863,"y":30.999984741210938,"wires":[["3f9c7d2a.f39b72"],["773eea7.a0fac14"],["2c3a202a.7f258"]]},{"id":"3f9c7d2a.f39b72","type":"function","z":"4646318b.e2e72","name":"= 0 : Success","func":"\n/* ui-control payload */\nmsg.payload = {tab:\"Device Manager\",\n               tabs:{show:[\"Device Manager\", \"Logout\"]}\n              }\n\nreturn msg;","outputs":1,"noerr":0,"x":1206.999870300293,"y":24.999999046325684,"wires":[["2861c4ea.7bee0c","34639053.5678f"]]},{"id":"773eea7.a0fac14","type":"function","z":"4646318b.e2e72","name":"= 1 : Unknown User","func":"msg.payload = \"Username Doesn't exist!!!\"\nreturn msg;","outputs":1,"noerr":0,"x":750,"y":280,"wires":[["7d2e8838.ce68d8"]]},{"id":"2c3a202a.7f258","type":"function","z":"4646318b.e2e72","name":"= 2 : Wrong Password","func":"msg.payload = \"Invalid Password\";\nreturn msg;","outputs":1,"noerr":0,"x":724.0000152587891,"y":368.00000858306885,"wires":[["7d2e8838.ce68d8"]]},{"id":"e2ba0f94.04ef5","type":"change","z":"4646318b.e2e72","name":"Account config","rules":[{"t":"set","p":"accounts","pt":"flow","to":"[{\"username\":\"admin\",\"password\":\"admin\"},{\"username\":\"admin2\",\"password\":\"admin2\"}]","tot":"json"}],"action":"","property":"","from":"","to":"","reg":false,"x":474.99999237060547,"y":25.000001907348633,"wires":[["c13e3d45.9649b"]],"info":"Modifique aqui os usuários do sistema, verifique\nque essa é uma solução plain-text, o melhor seria\nse o sistema guardasse o usuário e senha em um banco\nde dados e recebesse, ao menos a senha, criptografada."},{"id":"be09c2e1.550a8","type":"debug","z":"4646318b.e2e72","name":"Login 1","active":true,"tosidebar":true,"console":false,"tostatus":false,"complete":"true","targetType":"full","x":387,"y":260,"wires":[]},{"id":"2861c4ea.7bee0c","type":"debug","z":"4646318b.e2e72","name":"Login 1","active":true,"tosidebar":true,"console":false,"tostatus":false,"complete":"true","targetType":"full","x":1234.9999961853027,"y":342.99999809265137,"wires":[]},{"id":"75fbd5c7.b1360c","type":"debug","z":"4646318b.e2e72","name":"Dashboard Log 3","active":true,"tosidebar":true,"console":false,"tostatus":false,"complete":"true","targetType":"full","x":1458.0000686645508,"y":948.9999866485596,"wires":[]},{"id":"ac9105e2.69e328","type":"function","z":"4646318b.e2e72","name":"Back to login","func":"\n/*\nretorna para a tela de login quando a aba\nlog-out é clicada\n*/\n\nmsg.payload = {tab:\"Login Screen\",\n               tabs:{ hide:[\"Device Manager\", \"Logout\"] }\n              }\n\nreturn msg;\n","outputs":1,"noerr":0,"x":1195,"y":916.0000019073486,"wires":[["ee29287c.0b99b8","75fbd5c7.b1360c"]]},{"id":"c5281038.c030f","type":"debug","z":"4646318b.e2e72","name":"Dashboard Log 2","active":true,"tosidebar":true,"console":false,"tostatus":false,"complete":"true","targetType":"full","x":1002.9999980926514,"y":983.0000019073486,"wires":[]},{"id":"573ef87d.b87398","type":"switch","z":"4646318b.e2e72","name":"Logout?","property":"payload","propertyType":"msg","rules":[{"t":"eq","v":"1","vt":"str"},{"t":"eq","v":"0","vt":"str"}],"checkall":"true","repair":false,"outputs":2,"x":1009,"y":917.0000019073486,"wires":[["ac9105e2.69e328"],[]]},{"id":"3e379d59.044062","type":"function","z":"4646318b.e2e72","name":"Logout Pressed","func":"\n/*\ntesta se logout foi clicado\n*/\n\n\nif(msg.payload == \"change\" && msg.name == \"Logout\")\n    msg.payload = 1;\nelse\n    msg.payload=0;\n\n\nreturn msg;\n\n","outputs":1,"noerr":0,"x":673,"y":976.0000019073486,"wires":[["573ef87d.b87398","c5281038.c030f"]]},{"id":"22eacd7.4dcc432","type":"debug","z":"4646318b.e2e72","name":"Dashboard Log 1","active":true,"tosidebar":true,"console":false,"tostatus":false,"complete":"true","targetType":"full","x":683.9999885559082,"y":1050.9999904632568,"wires":[]},{"id":"cff05be8.02f868","type":"comment","z":"4646318b.e2e72","name":"Logout","info":"","x":79.99999618530273,"y":953.0000171661377,"wires":[]},{"id":"aefb28c6.9c7728","type":"ui_form","z":"4646318b.e2e72","name":"Dashboard Sign-In","label":"","group":"c0c3923b.6d628","order":1,"width":0,"height":0,"options":[{"label":"username","value":"username","type":"text","required":true},{"label":"password","value":"password","type":"password","required":true}],"formValue":{"username":"","password":""},"payload":"","submit":"submit","cancel":"cancel","topic":"","x":126,"y":72,"wires":[["e2ba0f94.04ef5","be09c2e1.550a8"]]},{"id":"7d2e8838.ce68d8","type":"ui_toast","z":"4646318b.e2e72","position":"dialog","displayTime":"3","highlight":"","outputs":1,"ok":"OK","cancel":"","topic":"Authentication Failed","name":"Authentication Failure Dialog","x":942,"y":321,"wires":[[]]},{"id":"ee29287c.0b99b8","type":"ui_ui_control","z":"4646318b.e2e72","name":"","x":1501.0000076293945,"y":875.0000019073486,"wires":[[]]},{"id":"f30fd8c0.1d5298","type":"ui_ui_control","z":"4646318b.e2e72","name":"logout catch","x":402,"y":993.0000095367432,"wires":[["3e379d59.044062","22eacd7.4dcc432"]]},{"id":"34639053.5678f","type":"ui_dropdown","z":"4646318b.e2e72","name":"","label":"","tooltip":"","place":"Select option","group":"a6ed27fa.d19f28","order":1,"width":0,"height":0,"passthru":true,"options":[{"label":"Cadastrar","value":"1","type":"str"},{"label":"Remover","value":"2","type":"str"},{"label":"Editar","value":"3","type":"str"}],"payload":"","topic":"","x":1540.0000457763672,"y":179.00011730194092,"wires":[["6d479483.cd0cdc","588c12e8.55f2ac"]]},{"id":"daf70c3b.5b571","type":"ui_button","z":"4646318b.e2e72","name":"","group":"12708cf.11f5573","order":1,"width":0,"height":0,"passthru":false,"label":"button_logout","tooltip":"","color":"","bgcolor":"","icon":"","payload":"","payloadType":"str","topic":"","x":113.140625,"y":985.1914081573486,"wires":[["f30fd8c0.1d5298"]]},{"id":"461cacb1.2270a4","type":"comment","z":"4646318b.e2e72","name":"Options","info":"Opções do administrador","x":1560.132911682129,"y":27.000000953674316,"wires":[]},{"id":"6d479483.cd0cdc","type":"ui_ui_control","z":"4646318b.e2e72","name":"Go to Device Manager","x":1760.01953125,"y":465.00391387939453,"wires":[[]]},{"id":"588c12e8.55f2ac","type":"switch","z":"4646318b.e2e72","name":"","property":"payload","propertyType":"msg","rules":[{"t":"eq","v":"1","vt":"str"},{"t":"eq","v":"2","vt":"str"},{"t":"eq","v":"3","vt":"str"}],"checkall":"true","repair":false,"outputs":3,"x":1679,"y":107,"wires":[["11c66e49.0a1f42"],["a9139bc1.0a73f8"],["6f5219af.a00ea8"]]},{"id":"11c66e49.0a1f42","type":"function","z":"4646318b.e2e72","name":"=1 - Cadastrar","func":"\nreturn msg;","outputs":1,"noerr":0,"x":1904,"y":50,"wires":[[]]},{"id":"a9139bc1.0a73f8","type":"function","z":"4646318b.e2e72","name":"=2 - Descadastrar","func":"\nreturn msg;","outputs":1,"noerr":0,"x":1918,"y":113,"wires":[[]]},{"id":"6f5219af.a00ea8","type":"function","z":"4646318b.e2e72","name":"=3 - Editar","func":"\nreturn msg;","outputs":1,"noerr":0,"x":1901,"y":169,"wires":[[]]},{"id":"ad443d87.6c472","type":"debug","z":"4646318b.e2e72","name":"","active":true,"tosidebar":true,"console":false,"tostatus":false,"complete":"false","x":1092.1484375,"y":639.9726867675781,"wires":[]},{"id":"844323fe.5686a","type":"inject","z":"4646318b.e2e72","name":"","topic":"mymiddleware","payload":"dgsdg","payloadType":"json","repeat":"","crontab":"","once":false,"onceDelay":0.1,"x":369.50001525878906,"y":608.0000324249268,"wires":[[]]},{"id":"8f73792f.fc0ba8","type":"firebase auth","z":"4646318b.e2e72","name":"mymiddleware-3106d","firebaseconfig":"","x":255.50000762939453,"y":402.00000953674316,"wires":[[]]},{"id":"c0c3923b.6d628","type":"ui_group","z":"","name":"Login","tab":"6cb16197.89892","order":1,"disp":true,"width":"6","collapse":false},{"id":"a6ed27fa.d19f28","type":"ui_group","z":"","name":"Options","tab":"1776c2f6.a9c42d","disp":true,"width":"12","collapse":false},{"id":"12708cf.11f5573","type":"ui_group","z":"","name":"logout","tab":"afd1e7a8.7d2068","order":1,"disp":true,"width":"6","collapse":false},{"id":"6cb16197.89892","type":"ui_tab","z":"","name":"Login Screen","icon":"dashboard","order":1,"disabled":false,"hidden":true},{"id":"1776c2f6.a9c42d","type":"ui_tab","z":"","name":"Device Manager","icon":"dashboard","order":2,"disabled":false,"hidden":true},{"id":"afd1e7a8.7d2068","type":"ui_tab","z":"","name":"Logout","icon":"","order":3,"disabled":false,"hidden":true}]